alpha,penalty_ratio,seed,physics,split,rmse,mae,r2,mean_error_min,rmse_bias_removed,pct_over_predictions,mean_over_pred_min,max_over_pred_min,safety_loss_min2
0.5,1.0,7,on,ood,40.40087776908943,25.42924263807663,0.3882398698670061,-15.65765960830268,37.243370149644505,33.2703213610586,14.685134723722781,174.3793746138213,469.23707573768695
0.5,1.0,42,on,ood,38.075660835596985,24.23304133544025,0.45663148876101856,-13.521409241864841,35.59392420317583,35.34971644612476,15.150944859629394,121.1852460768605,422.01169331409625
0.5,1.0,123,on,ood,40.30815663993853,25.133342050210537,0.3910446603881894,-13.066301833385909,38.13160432120155,37.051039697542535,16.2843476395414,187.9564358945886,525.9056968398736
0.5,1.0,2024,on,ood,37.27010637540116,23.95708688464632,0.4793800185422564,-12.030872968570629,35.27490502960759,36.57844990548204,16.302240727659022,147.23505118379404,436.7832568655785
0.5,1.0,31415,on,ood,41.63022037617371,26.29076608660475,0.3504434184696573,-15.139281398292077,38.77985826833456,38.46880907372401,14.49419017227863,136.2227675304669,466.2973579908436
0.5,1.0,7,on,test,26.861205122046865,16.28443870104152,0.8716846222122077,-0.12344516773893631,26.860921464075627,47.442622950819676,17.032145914503417,269.6728246530137,427.7837326146198
0.5,1.0,42,on,test,25.974734909556254,15.687378427620997,0.880014167730093,0.6556098895837704,25.966459698896198,49.14754098360656,16.626455759664623,270.85639193989687,411.4128418274175
0.5,1.0,123,on,test,26.45630162425864,16.09160416858992,0.8755238959787335,0.4536079769666931,26.452412658148642,49.01639344262295,16.877223091621293,266.1459085205515,424.53926901835996
0.5,1.0,2024,on,test,26.794854542643787,16.15437748459986,0.8723177497686272,0.11259805820420125,26.794617960305516,48.91803278688525,16.62676789730308,277.01650010204384,427.49950060859095
0.5,1.0,31415,on,test,25.482188048643835,15.417168081334948,0.8845214949565776,0.1635015464735337,25.481663505170683,48.131147540983605,16.185641132430476,258.38486539031226,386.0519536067798
0.5,1.0,7,on,val,24.16293358633533,15.22458586508484,0.8943412827410063,-0.26492335053023697,24.161481227689574,49.65562479501476,15.063411825256601,250.42664327298849,320.76353492293913
0.5,1.0,42,on,val,23.345103328023086,14.801329932425295,0.9013725931880968,0.35750867195842073,23.342365710132064,50.83633978353559,14.90945125960192,230.74400280036934,309.6167485872225
0.5,1.0,123,on,val,23.834043479289864,15.040092481059876,0.8971980226977706,0.08128018965601239,23.83390488575989,49.65562479501476,15.226243485142911,242.8923026898584,319.37623816215097
0.5,1.0,2024,on,val,24.028692853148065,15.171992884156408,0.8955120266654121,-0.1273411160617686,24.02835542585237,49.59002951787471,15.169028849510767,240.51564872186498,324.20581068899514
0.5,1.0,31415,on,val,23.326957278797238,14.697832491159268,0.9015258589236701,-0.268705249519266,23.325409607887106,48.73729091505412,14.80296398376863,249.30678571966848,300.0926471809125
0.6,1.4999999999999998,7,on,ood,39.6690612456676,24.332836228988008,0.4102018389848324,-17.262007365977468,35.716348102927135,27.788279773156898,12.722681865757064,124.15643365521618,406.3058021799618
0.6,1.4999999999999998,42,on,ood,40.20041948631445,24.94949331145183,0.39429558733976544,-17.6785350323975,36.1046136384804,29.017013232514177,12.52878478703498,128.15660620578967,425.6212307837514
0.6,1.4999999999999998,123,on,ood,39.55962061369817,25.083316057255466,0.4134516685889932,-15.644850395975734,36.334587367785964,32.23062381852552,14.64207722820228,142.70809251506384,442.25653256076316
0.6,1.4999999999999998,2024,on,ood,42.51250883381302,26.53687419248724,0.3226189574870052,-20.033335241294573,37.4963849784874,26.46502835538752,12.287043232789003,107.00663026523313,434.8750247715542
0.6,1.4999999999999998,31415,on,ood,43.96898446673077,27.103984106997704,0.27540983031285793,-19.80154252544519,39.25774456904774,29.489603024574667,12.381383322568208,118.23355392115997,477.79344189879083
0.6,1.4999999999999998,7,on,test,28.655687071448973,17.858584009960932,0.8539675497653334,-2.5285064487894027,28.54391452963728,44.0327868852459,17.40757131853059,257.55839490137504,443.6400065289073
0.6,1.4999999999999998,42,on,test,27.026941656366706,16.717257898844007,0.870096297759935,-2.159957990806758,26.940492882918825,44.49180327868852,16.359530110358737,252.09076406861914,395.89522212776063
0.6,1.4999999999999998,123,on,test,27.1130950025166,16.70368107595068,0.8692667938914794,-2.084146402876208,27.03287358729865,44.16393442622951,16.551440517029377,271.7571650993191,405.6537982501315
0.6,1.4999999999999998,2024,on,test,28.231094229210036,17.5975292863494,0.8582630302538705,-2.6255742006461715,28.108736035180193,43.9344262295082,17.038978735595087,258.56786550503,428.67552570781424
0.6,1.4999999999999998,31415,on,test,28.105420650122973,17.516363871679637,0.8595221344778965,-2.5438520655975614,27.990060496338945,43.606557377049185,17.16772970246253,258.76343909701745,425.04582138176306
0.6,1.4999999999999998,7,on,val,25.935886695716437,16.645565491704748,0.8782670311182262,-2.4235978366382733,25.82240097704478,45.68711052804198,15.564529569381795,236.87095868200655,340.4748689574918
0.6,1.4999999999999998,42,on,val,24.74715107537756,15.815725281384877,0.8891702298268427,-2.422467928706554,24.628299484169606,45.19514594949164,14.817141389084256,232.26148990324398,306.5762955747141
0.6,1.4999999999999998,123,on,val,24.536967423704937,15.646861388452626,0.8910448441874992,-2.4711658013317237,24.412212311347076,44.21121679239095,14.90085157460372,223.4790227359482,298.8266514533656
0.6,1.4999999999999998,2024,on,val,25.656104235779257,16.62908435046628,0.8808792453146551,-2.7895880860279014,25.503997389967353,44.89996720236143,15.411477030778894,219.85376200856103,325.3149600107642
0.6,1.4999999999999998,31415,on,val,25.55616466068788,16.36546492960623,0.8818054725118956,-2.7008998474737407,25.4130417734302,43.68645457527058,15.639361462245478,236.85105808644104,328.69682275575684
0.7,2.333333333333333,7,on,ood,42.5326092057353,26.607894733052497,0.32197825995750573,-21.264336710221084,36.83545615466358,20.604914933837428,12.966707312283573,103.7945408617486,426.22140785265657
0.7,2.333333333333333,42,on,ood,41.65209875051935,26.131935445045986,0.34976050225091737,-21.097828768544414,35.91349261177748,18.714555765595463,13.449709251865315,119.21231831098768,427.63994189202555
0.7,2.333333333333333,123,on,ood,41.96699264138306,26.405613275719915,0.3398915909182241,-21.5208064914422,36.02892392675361,19.848771266540645,12.305060899442426,99.7011626397452,412.22488873221096
0.7,2.333333333333333,2024,on,ood,41.43092107921935,25.51369071783504,0.3566478676187086,-20.365289249403776,36.080136020539356,21.550094517958414,11.945194635088331,89.14759027904563,402.317848633342
0.7,2.333333333333333,31415,on,ood,42.605489279336226,26.59084175205757,0.3196526744276972,-21.332364791603105,36.880318994412264,22.400756143667298,11.737275578398366,84.14511250907458,416.8854838663435
0.7,2.333333333333333,7,on,test,30.287670452465292,19.420480741745568,0.8368603737958626,-5.7512352900256785,29.73661504065152,39.704918032786885,17.213541960258322,253.44254625712227,435.6861920814748
0.7,2.333333333333333,42,on,test,29.79029167326324,18.86384323602312,0.8421744792104903,-5.9259364728145725,29.19494399546372,37.9344262295082,17.052988603191906,258.5240450693969,422.2770688912555
0.7,2.333333333333333,123,on,test,30.448767338158298,19.236975536320372,0.8351203139631028,-4.688144198334213,30.085689893850212,40.78688524590164,17.835183111277242,280.0301865393463,462.59408832270805
0.7,2.333333333333333,2024,on,test,31.178258010324342,19.82723561241817,0.8271253102674503,-5.882262933228371,30.618340179420596,38.98360655737705,17.88568825547893,270.95126452148804,465.72051821138535
0.7,2.333333333333333,31415,on,test,32.031480410184386,20.670911598529152,0.8175340878552978,-7.04242758488429,31.24771913243728,37.704918032786885,18.072554887659493,267.9138005182597,475.79706780877285
0.7,2.333333333333333,7,on,val,27.85781798302603,18.316839946496867,0.859556964896524,-5.746084078384951,27.258769974808832,39.68514266972778,15.838113488377369,232.58321619821984,341.783917324751
0.7,2.333333333333333,42,on,val,27.183143456834234,17.736926319307283,0.8662772289479244,-6.116811037074134,26.48599461850655,37.97966546408659,15.297811526566871,223.4034751667236,322.17062196347314
0.7,2.333333333333333,123,on,val,27.825266276383694,18.14729455027605,0.8598849869621004,-4.7747593636969805,27.41253575228756,40.078714332568055,16.68283951877234,227.77061551369377,359.83366963111746
0.7,2.333333333333333,2024,on,val,28.44108430636979,18.62066832819562,0.8536144149256519,-5.811944566553779,27.840915517944804,39.22597572974746,16.32683894199246,232.03540091337078,359.5366408968008
0.7,2.333333333333333,31415,on,val,29.508338516152506,19.41328546706161,0.8424220205454911,-7.031741782331059,28.658273665565922,37.61889143981633,16.45655043362836,267.3507861711523,371.20423536072036
0.8,4.000000000000001,7,on,ood,45.26996794020505,28.601747026597486,0.23189615059067603,-24.43399588475972,38.10970798117899,16.824196597353495,12.38618176422571,108.18560104878634,461.10006979673176
0.8,4.000000000000001,42,on,ood,46.789624498288504,29.83641212195346,0.17946202086078433,-26.128758431752818,38.81439093307978,13.988657844990549,13.25235677105497,71.85900830175771,473.84087920816046
0.8,4.000000000000001,123,on,ood,44.544300323472434,28.420733506587965,0.25632385446572803,-24.638290990550512,37.10996238710926,15.500945179584122,12.200683481608616,75.58157412333415,438.95901803071894
0.8,4.000000000000001,2024,on,ood,45.13036131446831,28.68492496342695,0.2366263081859291,-24.84349341586676,37.67692061820131,15.500945179584122,12.390959077191097,79.55441225444011,449.23831225609206
0.8,4.000000000000001,31415,on,ood,46.61210089360463,29.60761111095374,0.18567658356733896,-25.704984345594323,38.88369490555557,15.217391304347828,12.822916514752356,68.60821158865883,470.6222673208515
0.8,4.000000000000001,7,on,test,33.55142045640462,22.630740151993862,0.7998066978046996,-11.049675623225756,31.679685656015227,31.245901639344265,18.53213368979157,265.01957100715344,461.2357561260323
0.8,4.000000000000001,42,on,test,33.88056642059367,22.579042738390285,0.7958595607085052,-12.440149303344109,31.514051886273943,29.540983606557376,17.160724182514343,247.8611850323722,434.2734416097348
0.8,4.000000000000001,123,on,test,33.203515792448975,21.818748292694828,0.8039369004138535,-11.229602787880326,31.2469115626783,30.85245901639344,17.16094250248897,274.6870277962804,436.8627796163161
0.8,4.000000000000001,2024,on,test,33.93774038729781,22.377989870080714,0.7951699992374313,-11.935639406860188,31.769651155545144,29.67213114754098,17.59622591868652,267.2855179086631,444.39465691434395
0.8,4.000000000000001,31415,on,test,34.50401798279353,23.12904435156964,0.7882774756923334,-12.594270002682281,32.12338120522926,29.63934426229508,17.771604958023467,257.94299747483336,452.42180149190875
0.8,4.000000000000001,7,on,val,31.200759097313544,21.31338104992825,0.8238282233810571,-10.930989734686179,29.223292621961324,31.420137750081995,16.52187427983981,226.77284936369244,362.38623707357334
0.8,4.000000000000001,42,on,val,31.45283687692311,21.259126007944534,0.8209700630952886,-12.368206892530669,28.91899731785131,29.550672351590684,15.04351408595831,223.64016839115416,337.97996425890824
0.8,4.000000000000001,123,on,val,30.89216958464271,20.787603884900133,0.8272958259846668,-11.269827963720147,28.763120820148767,30.632994424401446,15.53517065507376,211.86921268839689,340.5321459068321
0.8,4.000000000000001,2024,on,val,31.22020645360359,20.99579075474373,0.8236085400695312,-11.701854829220572,28.94422022721425,29.74745818301082,15.621395058941618,221.33216169651456,340.7346391626174
0.8,4.000000000000001,31415,on,val,32.294370350603,21.84609340943401,0.811261866283862,-12.534345471589395,29.7626702421129,29.517874713020664,15.773066368049019,257.8703131727098,359.02704618410684
0.9,9.000000000000002,7,on,ood,49.538649933927495,33.36499856289066,0.08021165722208223,-30.567733960331893,38.98322046479212,9.262759924385634,15.099520150546763,99.1335955201045,526.6558055668219
0.9,9.000000000000002,42,on,ood,47.78070278383229,31.80984020222102,0.14433329316551913,-28.5261972047707,38.33081830005004,11.531190926275993,14.238091357796877,86.49677068880408,494.0859448437038
0.9,9.000000000000002,123,on,ood,48.06045035020843,31.339667865505334,0.1342844072605891,-28.53538784022523,38.67219322294476,10.491493383742911,13.364541742100661,82.4920781637947,492.54008165011516
0.9,9.000000000000002,2024,on,ood,49.95783744476373,33.20221120380118,0.06457961744921914,-30.535495658265486,39.539461643546524,10.302457466918714,12.942133243930071,71.18618958880538,525.615666565424
0.9,9.000000000000002,31415,on,ood,50.552712780585175,33.45761973342485,0.0421698587004431,-30.83513694469111,40.05959434490675,10.58601134215501,12.386548171787036,57.589870716548035,533.7940802983937
0.9,9.000000000000002,7,on,test,43.06712163076494,31.557544059835347,0.6701477779016607,-24.26415817235193,35.58128150792476,19.147540983606557,19.045228558925036,233.36015990709123,521.8097197560433
0.9,9.000000000000002,42,on,test,41.56815634480563,30.33822586854874,0.6927094207774462,-22.48626875436141,34.961111816028314,19.18032786885246,20.468777092539614,233.0714678893834,510.11573806982517
0.9,9.000000000000002,123,on,test,40.612794515987694,28.637318375948826,0.7066720359164691,-20.996050880589152,34.764420401001246,20.688524590163933,18.46740559496594,255.1628718253432,495.2257054230838
0.9,9.000000000000002,2024,on,test,41.352529457288476,29.21576821801164,0.6958891747585788,-22.185448315056455,34.89752964861366,19.86885245901639,17.691811636974684,242.1874345368779,488.43684101683726
0.9,9.000000000000002,31415,on,test,41.3564600356543,29.270940503007093,0.6958313602425326,-22.317579247648837,34.81784661930696,19.573770491803277,17.76193620506087,228.85698769642076,484.1607424897513
0.9,9.000000000000002,7,on,val,40.53126652123665,29.817637375675062,0.7027058502969536,-23.549302628142353,32.988087418698385,18.563463430632996,16.88352707175551,216.51449249569163,430.0984784771301
0.9,9.000000000000002,42,on,val,39.08136598857771,28.707239982522477,0.7235952619159471,-21.980171670254965,32.314473860474344,19.055428009183338,17.651317800433443,203.53430680774824,413.08161382244924
0.9,9.000000000000002,123,on,val,38.13904023303942,27.035041334804674,0.7367638482921534,-20.456932210008915,32.18851215033865,20.17054772056412,16.306223350814857,204.3232945469887,396.16260498080777
0.9,9.000000000000002,2024,on,val,38.70446476289253,27.53553201002267,0.7289008564555032,-21.528423146157785,32.16461704143183,19.7113807805838,15.23766632772382,199.18411246240242,393.2745328266719
0.9,9.000000000000002,31415,on,val,39.14424065996134,27.805098685418777,0.7227051785570229,-21.921656193080846,32.43011820202527,19.252213840603478,15.279911549521598,209.53115298683198,399.16932917150103
0.95,18.999999999999982,7,on,ood,53.71166852651678,37.08221839695192,-0.08127672628470695,-34.908287886065814,40.8210089631058,6.899810964083176,15.753551236421245,76.883876033006,600.7346360131011
0.95,18.999999999999982,42,on,ood,54.00020446826499,37.49874249422343,-0.0929250401644266,-35.31129012193785,40.85504708770705,6.899810964083176,15.851538423822902,70.15113464042315,605.9691128584889
0.95,18.999999999999982,123,on,ood,51.58620963090475,35.08107741054667,0.0026058765912868598,-33.19096408434316,39.49046628283202,6.899810964083176,13.696848624132265,65.5912484000311,549.6043735090932
0.95,18.999999999999982,2024,on,ood,54.54550520299348,37.81698169532603,-0.11510947212779632,-35.714128712710426,41.227577519686285,7.750472589792061,13.565966192727487,59.84268338895066,613.6600636988203
0.95,18.999999999999982,31415,on,ood,54.33883511555039,37.65104547637584,-0.10667529698536393,-35.61173351266589,41.04282443908851,6.805293005671078,14.98327817781338,57.44683964869559,609.4254699366854
0.95,18.999999999999982,7,on,test,52.184223398934414,39.51062347901581,0.515709254759933,-34.23706051793244,39.38295137291421,13.967213114754099,18.87836506021631,219.65225976879447,646.877588474473
0.95,18.999999999999982,42,on,test,51.5041820966207,38.76643359322633,0.5282491297418157,-33.35997693021188,39.24019256652031,13.672131147540984,19.77181393548453,220.82311370976782,638.4455569109668
0.95,18.999999999999982,123,on,test,49.36803163374667,36.398974948763325,0.5665696248722849,-31.34590001767866,38.13970502602641,14.032786885245901,18.004531004448896,232.93232377883416,590.9846315375512
0.95,18.999999999999982,2024,on,test,52.63857006958596,39.36249080112479,0.5072395007027621,-34.72421433433988,39.56068752983871,12.950819672131148,17.907269903410118,213.36651705292428,644.6793253770571
0.95,18.999999999999982,31415,on,test,51.67594361339853,38.97342119335788,0.5250973951408601,-33.55703822156491,39.29794312850962,14.39344262295082,18.815453375818418,227.6878232608797,638.0881746711915
0.95,18.999999999999982,7,on,val,49.58519951019827,37.68335673592188,0.5550510938607129,-33.21025947193516,36.82079135859125,13.77500819940964,16.236278045113743,180.47203302119425,557.607839721113
0.95,18.999999999999982,42,on,val,49.054316059552626,37.00253333295959,0.564527772013719,-32.46192880069878,36.7770186748307,13.971794030829779,16.249182181764322,187.24641627661595,548.9885891769378
0.95,18.999999999999982,123,on,val,46.836581040812945,34.60277418082189,0.603012910111028,-30.471706732490087,35.568812355795025,14.037389307969828,14.714514777994932,177.18720523291034,497.4473254414917
0.95,18.999999999999982,2024,on,val,49.82921691314547,37.41759716832236,0.5506609759820515,-33.620788920013474,36.7776210564686,12.955067235159067,14.653757403916178,166.13408722529613,550.1198589571093
0.95,18.999999999999982,31415,on,val,49.31244171444572,37.353807306506305,0.5599327717427518,-32.79323700303682,36.82825701419038,14.365365693670057,15.873491843925196,167.78006806786436,552.9719064968647
